Circle,Division,SubDivision,Section,Area,CatCode,CatDesc,TotServices,BilledServices,Units,Load,Month
HANUMAKONDA,HANAMKONDA/RURAL,HASANPARTHY,HASANPARTHY,YELLAPUR,9,ELECTRIC VEHICLE CHARGING STATIONS,1,1,221,30,Nov-24
KARIMNAGAR,HUZURABAD,HUZURABAD,HUZURABAD TOWN,RTC DEPO ,9,ELECTRIC VEHICLE CHARGING STATIONS,1,1,214,20,Nov-24
HANUMAKONDA,HANAMKONDA/RURAL,PARKAL,PARKAL-TOWN,PARKAL,9,ELECTRIC VEHICLE CHARGING STATIONS,1,1,128,30,Nov-24
HANUMAKONDA,HANAMKONDA/TOWN,NAYEEMNAGAR,YADAVA NAGAR,PEDDAMMAGADDA,9,ELECTRIC VEHICLE CHARGING STATIONS,1,1,901,30,Nov-24
HANUMAKONDA,HANAMKONDA/RURAL,KAMALAPUR,ELKATHURTHY,ELKATHURTHY,9,ELECTRIC VEHICLE CHARGING STATIONS,1,1,150,30,Nov-24
HANUMAKONDA,HANAMKONDA/TOWN,HANAMKONDA(T),NAKKALAGUTTA,BALASAMUDRAM,9,ELECTRIC VEHICLE CHARGING STATIONS,1,1,9,55,Nov-24
HANUMAKONDA,HANAMKONDA/TOWN,HANAMKONDA(T),SUBEDARI,BONDIVAGU,9,ELECTRIC VEHICLE CHARGING STATIONS,1,1,1616,30,Nov-24
HANUMAKONDA,HANAMKONDA/TOWN,HANAMKONDA(T),SUBEDARI,HUNTER ROAD,9,ELECTRIC VEHICLE CHARGING STATIONS,2,2,2943,80,Nov-24
KAMAREDDY,BANSWADA,BANSWADA,BANSWADA,BANSWADA,9,ELECTRIC VEHICLE CHARGING STATIONS,1,1,702,30,Nov-24
KAMAREDDY,KAMAREDDY,Kamareddy Town,KAMAREDDY(R),PATHARAJAMPET,9,ELECTRIC VEHICLE CHARGING STATIONS,1,1,1116,45,Nov-24
KAMAREDDY,KAMAREDDY,Kamareddy Town,KAMAREDDY(R),TEKRIYAL,9,ELECTRIC VEHICLE CHARGING STATIONS,1,1,0,25,Nov-24
KAMAREDDY,BANSWADA,BANSWADA,BIRKUR,BIRKUR,9,ELECTRIC VEHICLE CHARGING STATIONS,1,1,39,30,Nov-24
HANUMAKONDA,HANAMKONDA/TOWN,KAZIPET,NIT,TEACHERS COLONY,9,ELECTRIC VEHICLE CHARGING STATIONS,1,1,990,30,Nov-24
HANUMAKONDA,HANAMKONDA/RURAL,PARKAL,DAMERA,MUSTYALAPALLY,9,ELECTRIC VEHICLE CHARGING STATIONS,1,1,135,30,Nov-24
HANUMAKONDA,HANAMKONDA/RURAL,PARKAL,DAMERA,OGLAPUR,9,ELECTRIC VEHICLE CHARGING STATIONS,1,1,150,30,Nov-24
BHADRADRI KOTHAGUDEM,BHADRACHALAM,BHADRACHALAM,BURGUMPADU,LAKSHMIPURAM,9,ELECTRIC VEHICLE CHARGING STATIONS,1,1,826,30,Nov-24
BHADRADRI KOTHAGUDEM,BHADRACHALAM,MANUGURU,ASWAPURAM,ASWAPURAM,9,ELECTRIC VEHICLE CHARGING STATIONS,1,1,88,30,Nov-24
BHADRADRI KOTHAGUDEM,PALONCHA,PALVANCHA,PALVONCHA TOWN-2,PALONCHA,9,ELECTRIC VEHICLE CHARGING STATIONS,1,1,313,30,Nov-24
ADILABAD,ADILABAD,ADILABAD TOWN,ADILABAD TOWN-III,ADILABAD-TOWN-III,9,ELECTRIC VEHICLE CHARGING STATIONS,2,2,565,75,Nov-24
ADILABAD,ADILABAD,ADILABAD TOWN,MAVALA,DASNAPUR,9,ELECTRIC VEHICLE CHARGING STATIONS,1,1,521,30,Nov-24
BHADRADRI KOTHAGUDEM,KOTHAGUDEM,LAXMIDEVIPALLY,TEKULAPALLY,TEKULA PALLY,9,ELECTRIC VEHICLE CHARGING STATIONS,1,1,5,30,Nov-24
BHADRADRI KOTHAGUDEM,KOTHAGUDEM,YELLANDU,YELLANDU TOWN,YELLANDU,9,ELECTRIC VEHICLE CHARGING STATIONS,1,1,237,25,Nov-24
BHUPALAPALLY,MULUGU,N. VENKATAPURAM,N.V.PURAM,N V PURAM,9,ELECTRIC VEHICLE CHARGING STATIONS,1,1,42,30,Nov-24
BHADRADRI KOTHAGUDEM,BHADRACHALAM,BHADRACHALAM,BCM-TOWN,BHADRACHALAM,9,ELECTRIC VEHICLE CHARGING STATIONS,1,1,469,30,Nov-24
NIZAMABAD,DICHPALLY,NIZAMABAD - RURAL,BARDHIPOOR,SUDDAPALLY,9,ELECTRIC VEHICLE CHARGING STATIONS,1,1,1597,30,Nov-24
PEDDAPALLY,MANTHANI,Manthani,MANTHANI TOWN,MANTHANI,9,ELECTRIC VEHICLE CHARGING STATIONS,1,1,0,30,Nov-24
PEDDAPALLY,PEDDAPALLY,PEDDAPALLY,BOMPALLY,ANDUGULAPALLY,9,ELECTRIC VEHICLE CHARGING STATIONS,1,1,428,30,Nov-24
WARANGAL,WARANGAL,MULUGU ROAD,POCHAMMA MAIDAN,POCHAMMAMAIDAN,9,ELECTRIC VEHICLE CHARGING STATIONS,1,1,568,30,Nov-24
NIZAMABAD,NIZAMABAD,NIZAMABAD TOWN 3,BOURGAON,BORGAON (P),9,ELECTRIC VEHICLE CHARGING STATIONS,1,1,1731,45,Nov-24
NIZAMABAD,ARMOOR,PERKIT,PERKIT,PERKIT,9,ELECTRIC VEHICLE CHARGING STATIONS,1,1,7058,50,Nov-24
NIZAMABAD,DICHPALLY,DICHPALLY,DICHPALLY,DICHPALLY,9,ELECTRIC VEHICLE CHARGING STATIONS,1,1,306,30,Nov-24
PEDDAPALLY,MANTHANI,RAMAGUNDAM,RAMAGUNDAM,MOGALPAHAD,9,ELECTRIC VEHICLE CHARGING STATIONS,1,1,773,30,Nov-24
NIZAMABAD,BODHAN,RUDRUR,VARNI,SN PURAM,9,ELECTRIC VEHICLE CHARGING STATIONS,1,1,172,30,Nov-24
NIZAMABAD,DICHPALLY,NIZAMABAD - RURAL,BARDHIPOOR,BARDIPUR,9,ELECTRIC VEHICLE CHARGING STATIONS,1,1,693,54,Nov-24
NIRMAL,NIRMAL,NIRMAL,NIRMAL-TOWN3,DIVYA NAGAR,9,ELECTRIC VEHICLE CHARGING STATIONS,1,1,822,45,Nov-24
MAHABUBABAD,MAHABUBABAD,MAHABUBABAD(T),MAHABUBABAD (TOWN),NON SLB,9,ELECTRIC VEHICLE CHARGING STATIONS,1,1,355,30,Nov-24
KARIMNAGAR,KARIMNAGAR RURAL,Gangadhara,ACHAMPALLY,WADDIARAM,9,ELECTRIC VEHICLE CHARGING STATIONS,1,1,144,25,Nov-24
KHAMMAM,KHAMMAM,KHAMMAM(T),KHAMMAM TOWN-2,ZONE (7)  KHAMMAM,9,ELECTRIC VEHICLE CHARGING STATIONS,1,1,2133,30,Nov-24
KHAMMAM,SATHUPALLY,SATHUPALLY,SATHUPALLY,KISTARAM,9,ELECTRIC VEHICLE CHARGING STATIONS,1,1,85,30,Nov-24
MANCHERIAL,MANCHERIAL,CHENNUR,JAIPUR,JAIPUR,9,ELECTRIC VEHICLE CHARGING STATIONS,1,1,532,30,Nov-24
